model_name,run_name,accuracy,precision,recall,f1_score,roc_auc,fraud_detection_rate,false_alarm_rate,total_business_cost,potential_savings,roi_percentage,model_object,composite_score
LightGBM_v1,LightGBM_v1_20260504_073614,0.9873333333333333,0.5405405405405406,0.9090909090909091,0.6779661016949152,0.9948025587403125,90.91,1.15,470,3830,814.89,"LGBMClassifier(is_unbalance=True, max_depth=6, random_state=42)",0.88249877994875
LightGBM_Tuned,LightGBM_Tuned_20260504_073849,0.992,0.6923076923076923,0.8181818181818182,0.75,0.9975396727764794,81.82,0.54,680,3520,517.65,"LGBMClassifier(colsample_bytree=np.float64(0.8123620356542087),
               is_unbalance=True, learning_rate=np.float64(0.2952142919229748),
               max_depth=14, min_child_samples=81, n_estimators=288,
               num_leaves=40, random_state=42,
               reg_alpha=np.float64(0.0029380279387035343),
               reg_lambda=np.float64(0.0029375384576328283),
               subsample=np.float64(0.7174250836504598))",0.8792642706912396
XGBoost_Tuned,XGBoost_Tuned_20260504_073849,0.9873333333333333,0.5454545454545454,0.8181818181818182,0.6545454545454545,0.9951100996432526,81.82,1.01,750,3450,460.0,"XGBClassifier(base_score=None, booster=None, callbacks=None,
              colsample_bylevel=None, colsample_bynode=None,
              colsample_bytree=np.float64(0.8001125833417065), device=None,
              early_stopping_rounds=None, enable_categorical=False,
              eval_metric='logloss', feature_types=None, feature_weights=None,
              gamma=np.float64(0.14286681792194078), grow_policy=None,
              importance_type=None, interaction_constraints=None,
              learning_rate=np.float64(0.20526654188465587), max_bin=None,
              max_cat_threshold=None, max_cat_to_onehot=None,
              max_delta_step=None, max_depth=8, max_leaves=None,
              min_child_weight=2, missing=nan, monotone_constraints=None,
              multi_strategy=None, n_estimators=443, n_jobs=None,
              num_parallel_tree=None, ...)",0.8476013588746991
XGBoost_v1,XGBoost_v1_20260504_073609,0.9706666666666667,0.3225806451612903,0.9090909090909091,0.47619047619047616,0.9922192151556156,90.91,2.84,720,3580,497.22,"XGBClassifier(base_score=None, booster=None, callbacks=None,
              colsample_bylevel=None, colsample_bynode=None,
              colsample_bytree=None, device=None, early_stopping_rounds=None,
              enable_categorical=False, eval_metric=None, feature_types=None,
              feature_weights=None, gamma=None, grow_policy=None,
              importance_type=None, interaction_constraints=None,
              learning_rate=0.1, max_bin=None, max_cat_threshold=None,
              max_cat_to_onehot=None, max_delta_step=None, max_depth=6,
              max_leaves=None, min_child_weight=None, missing=nan,
              monotone_constraints=None, multi_strategy=None, n_estimators=100,
              n_jobs=None, num_parallel_tree=None, ...)",0.8129736740784063
GradientBoosting_v1,GradientBoosting_v1_20260504_073619,0.982,0.4358974358974359,0.7727272727272727,0.5573770491803278,0.9910198056341494,77.27,1.49,970,3180,327.84,"GradientBoostingClassifier(max_depth=5, random_state=42)",0.8006032316164295
LogisticRegression_Baseline,LogisticRegression_Baseline_20260504_073558,0.922,0.15328467153284672,0.9545454545454546,0.2641509433962264,0.9859761348259318,95.45,7.85,1310,3040,232.06,"LogisticRegression(class_weight='balanced', max_iter=1000, random_state=42)",0.7374705825219525
GradientBoosting_Tuned,GradientBoosting_Tuned_20260504_073849,0.988,0.6111111111111112,0.5,0.55,0.9922192151556158,50.0,0.47,1720,2130,123.84,"GradientBoostingClassifier(learning_rate=np.float64(0.17838315927084888),
                           max_depth=9, max_features='log2', min_samples_leaf=7,
                           min_samples_split=10, n_estimators=306,
                           random_state=42,
                           subsample=np.float64(0.8282623055075649))",0.7178093415701834
RandomForest_v1,RandomForest_v1_20260504_073604,0.9666666666666667,0.25,0.6363636363636364,0.358974358974359,0.9823471521712387,63.64,2.84,1620,2380,146.91,"RandomForestClassifier(class_weight='balanced', max_depth=10, random_state=42)",0.6889701727835084
